<?xml version="1.0" encoding="UTF-8" standalone="yes"?>
	<app version="1.3.3">
		<name>RiiConnect24 Mail Patcher</name>
		<coder>RiiConnect24</coder>
		<version>v1.4.0</version>
		<release_date>202110030000</release_date>
		<short_description>Patches your nwc24msg.cfg to use Wii Mail!</short_description>
		<long_description>This tool will patch your nwc24msg.cfg file to use Wii Mail with RiiConnect24. It will only take a couple seconds and makes the whole process easy.

Visit us at https://rc24.xyz/</long_description>
	</app>
