<?xml version="1.0" encoding="UTF-8" standalone="yes"?>
<app version="1.0">
	<name>HBC Super Mario Glaxy 2 by Grhum909</name>
	<version>1.0</version>
	<release_date>25/08/2010</release_date>
	<coder>Grhum909</coder>
	<short_description>A Homebrew Channel theme</short_description>
	<long_description>Run this like an application to apply the theme to the Homebrew Channel. Revert to the default theme by deleting the Homebrew Channel "savegame" using the data management in the Wii System Menu.</long_description>
</app>
