<?xml version="1.0" encoding="ISO-8859-1" standalone="yes"?>
<app version="1">
	<name>Nintendont</name>
	<coder>FIX94, crediar</coder>
	<version>6.492</version>
	<release_date>20210905000000</release_date>
	<short_description>Gamecube Loader</short_description>
	<long_description>Commiters: GerbilSoft, JoostinOnline, GreyRogue, Howard, Cyan, nastys 

 Project website: https://github.com/FIX94/Nintendont 

Nintendont allows you to run GameCube games on a Wii or Wii U from an SD or HDD device.</long_description>
	<no_ios_reload/>
	<ahb_access/>
</app>
